n,processed,exact_count,incomplete_count,mean_rc_exact,max_rc_exact,observed_lower_bound,padded_lower_bound,global_upper_bound,expected_count,maximum_certified,representative_graph6,padded_graph6
2,1,1,0,0.0,0,0,0,1,,False,A_,A_
3,1,1,0,0.0,0,0,0,2,,False,Bw,Bw
4,3,3,0,0.0,0,0,0,3,,False,Cr,Cr
5,1,1,0,0.0,0,0,0,4,,False,Dhc,Dhc
6,1,1,0,2.0,2,2,2,5,,False,EhEG,EhEG
7,1,1,0,2.0,2,2,2,6,,False,FhCKG,FhCKG
8,2,2,0,2.0,2,2,2,7,,False,Gr`HOk,Gr`HOk
9,2,2,0,1.0,2,2,2,8,,False,HhCGGE@,HhCGGE@
10,3,3,0,2.6666666666666665,3,3,3,9,,False,I?LRCecq?,I?LRCecq?
11,1,1,0,2.0,2,2,3,10,,False,JhCGGC@?K?_,J?LRCecq???
12,1,1,0,2.0,2,2,3,11,,False,KhCGGC@?G?o@,K?LRCecq????
13,1,1,0,2.0,2,2,3,12,,False,LhCGGC@?G?_@_@,L?LRCecq??????
14,1,1,0,2.0,2,2,3,13,,False,MhCGGC@?G?_@?@_?_,M?LRCecq?????????
15,1,1,0,2.0,2,2,3,14,,False,NhCGGC@?G?_@?@??o?G,N?LRCecq???????????
16,3,3,0,3.3333333333333335,4,4,4,15,,False,Or`HOm?OH@ABAG@C_POAJ,Or`HOm?OH@ABAG@C_POAJ
17,1,1,0,2.0,2,2,4,16,,False,PhCGGC@?G?_@?@??_?G?@_?C,Pr`HOm?OH@ABAG@C_POAJ???
18,1,1,0,2.0,2,2,4,17,,False,QhCGGC@?G?_@?@??_?G?@??E??G,Qr`HOm?OH@ABAG@C_POAJ??????
19,1,1,0,2.0,2,2,4,18,,False,RhCGGC@?G?_@?@??_?G?@??C??K??G,Rr`HOm?OH@ABAG@C_POAJ?????????
20,1,1,0,2.0,2,2,4,19,,False,ShCGGC@?G?_@?@??_?G?@??C??G??K??C,Sr`HOm?OH@ABAG@C_POAJ????????????
21,1,1,0,2.0,2,2,4,20,,False,ThCGGC@?G?_@?@??_?G?@??C??G??G??E??@,Tr`HOm?OH@ABAG@C_POAJ???????????????
22,1,1,0,2.0,2,2,4,21,,False,UhCGGC@?G?_@?@??_?G?@??C??G??G??C??@_??G,Ur`HOm?OH@ABAG@C_POAJ???????????????????
23,1,1,0,2.0,2,2,4,22,,False,VhCGGC@?G?_@?@??_?G?@??C??G??G??C??@???K???_,Vr`HOm?OH@ABAG@C_POAJ???????????????????????
24,1,1,0,2.0,2,2,4,23,,False,WhCGGC@?G?_@?@??_?G?@??C??G??G??C??@???G???o??@,Wr`HOm?OH@ABAG@C_POAJ??????????????????????????
25,2,2,0,3.0,4,4,4,24,,False,XdGK_W@[A@_op@IIEMCdQ?xGCnPSIS}?b@agy?oiYoAGR`PLDh?,XdGK_W@[A@_op@IIEMCdQ?xGCnPSIS}?b@agy?oiYoAGR`PLDh?
26,1,1,0,2.0,2,2,4,25,,False,YhCGGC@?G?_@?@??_?G?@??C??G??G??C??@???G???_??@???@_???_,YdGK_W@[A@_op@IIEMCdQ?xGCnPSIS}?b@agy?oiYoAGR`PLDh??????
27,1,1,0,2.0,2,2,4,26,,False,ZhCGGC@?G?_@?@??_?G?@??C??G??G??C??@???G???_??@???@????o???G,ZdGK_W@[A@_op@IIEMCdQ?xGCnPSIS}?b@agy?oiYoAGR`PLDh??????????
28,1,1,0,2.0,2,2,4,27,,False,[hCGGC@?G?_@?@??_?G?@??C??G??G??C??@???G???_??@???@????_???K???@,[dGK_W@[A@_op@IIEMCdQ?xGCnPSIS}?b@agy?oiYoAGR`PLDh??????????????
29,1,1,0,2.0,2,2,4,28,,False,\hCGGC@?G?_@?@??_?G?@??C??G??G??C??@???G???_??@???@????_???G???@_???C,\dGK_W@[A@_op@IIEMCdQ?xGCnPSIS}?b@agy?oiYoAGR`PLDh???????????????????
30,1,1,0,2.0,2,2,4,29,,False,]hCGGC@?G?_@?@??_?G?@??C??G??G??C??@???G???_??@???@????_???G???@????E????G,]dGK_W@[A@_op@IIEMCdQ?xGCnPSIS}?b@agy?oiYoAGR`PLDh????????????????????????
31,1,1,0,2.0,2,2,4,30,,False,^hCGGC@?G?_@?@??_?G?@??C??G??G??C??@???G???_??@???@????_???G???@????C????K????G,^dGK_W@[A@_op@IIEMCdQ?xGCnPSIS}?b@agy?oiYoAGR`PLDh?????????????????????????????
32,2,2,0,3.0,4,4,4,31,,False,_r`HOm?OH@ABAG@C_POAJ_?@??H??O_?KG?G@?@GC?D?G?J?GA??C@?_@?OO?GAB??_G_?@?PG?@?PO??_Gk,_r`HOm?OH@ABAG@C_POAJ_?@??H??O_?KG?G@?@GC?D?G?J?GA??C@?_@?OO?GAB??_G_?@?PG?@?PO??_Gk
33,1,1,0,2.0,2,2,4,32,,False,`hCGGC@?G?_@?@??_?G?@??C??G??G??C??@???G???_??@???@????_???G???@????C????G????G????E????@,`r`HOm?OH@ABAG@C_POAJ_?@??H??O_?KG?G@?@GC?D?G?J?GA??C@?_@?OO?GAB??_G_?@?PG?@?PO??_Gk?????
34,1,1,0,2.0,2,2,4,33,,False,ahCGGC@?G?_@?@??_?G?@??C??G??G??C??@???G???_??@???@????_???G???@????C????G????G????C????@_????G,ar`HOm?OH@ABAG@C_POAJ_?@??H??O_?KG?G@?@GC?D?G?J?GA??C@?_@?OO?GAB??_G_?@?PG?@?PO??_Gk???????????
35,2,2,0,2.5,3,3,4,34,,False,b???????????????????F?BG?T??s?B@?A`??o_?HG??h??@c??E?G?d?G?`_C?OQ@?C@OG?_B?_A?CP?C?AP?C??g_A??EG?_???,br`HOm?OH@ABAG@C_POAJ_?@??H??O_?KG?G@?@GC?D?G?J?GA??C@?_@?OO?GAB??_G_?@?PG?@?PO??_Gk?????????????????
